<?xml version="1.0" encoding="UTF-8" ?>
<!DOCTYPE mapper
  PUBLIC "-//mybatis.org//DTD Mapper 3.0//EN"
  "http://mybatis.org/dtd/mybatis-3-mapper.dtd">
<mapper namespace="com.board.mappers.board">

	<!-- 게시물 목록 -->
	<select id="list" resultType="com.manse.board.domain.BoardVO">
		select
		bno, title, content, writer, regDate, viewCnt
		from board.tbl_board
	</select>
	
	<!-- 게시물 작성 -->
	<insert id="write" parameterType="com.manse.board.domain.BoardVO">
 		insert into
 		board.tbl_board(title, content, writer)
   		values(#{title}, #{content}, #{writer})
	</insert>
	
	<!-- 게시물 조회 -->
	<select id="view" parameterType="int" resultType="com.manse.board.domain.BoardVO">
		select
		bno, title, content, writer, regDate, viewCnt
		from
		board.tbl_board
		where
		bno = #{bno}
	</select>

	<!-- 게시물 수정 -->
	<update id="modify" parameterType="com.manse.board.domain.BoardVO">
		update board.tbl_board
		set
		title = #{title},
		content = #{content},
		writer = #{writer}
		where bno = #{bno}
	</update>
	
	<!-- 게시물 삭제 -->
	<delete id="delete" parameterType="int">
		delete
		from board.tbl_board
		where bno = #{bno}
	</delete>
</mapper>