<?xml version="1.0" encoding="UTF-8" ?>
<!DOCTYPE mapper
  PUBLIC "-//mybatis.org//DTD Mapper 3.0//EN"
  "http://mybatis.org/dtd/mybatis-3-mapper.dtd">
<mapper namespace="org.spring.test.mapper.board">
	
	<!-- 게시물 작성 -->
	<insert id="write" parameterType="org.spring.test.domain.BoardVO">
 		insert into
 		board.tbl_board(title, content, writer)
   		values(#{title}, #{content}, #{writer})
	</insert>
	
	<!-- 게시물 조회 -->
	<select id="view" parameterType="int" resultType="org.spring.test.domain.BoardVO">
		select
		bno, title, content, writer, regDate, viewCnt
		from
		board.tbl_board
		where
		bno = #{bno}
	</select>

	<!-- 게시물 수정 -->
	<update id="modify" parameterType="org.spring.test.domain.BoardVO">
		update board.tbl_board
		set
		title = #{title},
		content = #{content},
		writer = #{writer}
		where bno = #{bno}
	</update>
	
	<!-- 게시물 삭제 -->
	<delete id="delete" parameterType="int">
		delete
		from board.tbl_board
		where bno = #{bno}
	</delete>
	
	<!-- 게시물 총 갯수 -->
	<select id="count" resultType="int">
		select count(bno) 
		from board.tbl_board
	</select>
	
	<!-- 게시물 목록 + 페이징 + 검색 -->
	<select id="listPageSearch" parameterType="hashMap" resultType="org.spring.test.domain.BoardVO">
		select
		bno, title, writer, regDate, viewCnt
		from tbl_board
		
		<if test='searchType.equals("title")'>
			WHERE title LIKE concat('%', #{keyword}, '%')
		</if>
		
		<if test='searchType.equals("content")'>
			WHERE content LIKE concat('%', #{keyword}, '%')
		</if>
		
		<if test='searchType.equals("title_content")'>
			WHERE title LIKE concat('%', #{keyword}, '%')
			or content LIKE concat('%', #{keyword}, '%')
		</if>
		
		<if test='searchType.equals("writer")'>
			WHERE writer LIKE concat('%', #{keyword}, '%')
		</if>
		
		order by bno desc
		limit #{displayPost}, #{postNum}
	</select>
	
	<!-- 게시물 총 갯수 + 검색 적용 -->
	<select id="searchCount" parameterType="hashMap" resultType="int">
		select count(bno) from tbl_board
		
		<if test='searchType.equals("title")'>
			WHERE title LIKE concat('%', #{keyword}, '%')
		</if>
		
		<if test='searchType.equals("content")'>
			WHERE content LIKE concat('%', #{keyword}, '%')
		</if>
		
		<if test='searchType.equals("title_content")'>
			WHERE title LIKE concat('%', #{keyword}, '%')
			or content LIKE concat('%', #{keyword}, '%')
		</if>
		
		<if test='searchType.equals("writer")'>
			WHERE writer LIKE concat('%', #{keyword}, '%')
		</if>
	</select>
	
	<!-- 조회수 올리기 -->
	<update id="updateReviewCnt">
		update board.tbl_board
		set
		viewCnt = viewCnt + 1
		where bno = #{bno} 
	</update>
</mapper>