<?xml version="1.0" encoding="UTF-8"?>
<!DOCTYPE mapper
  PUBLIC "-//mybatis.org//DTD Mapper 3.0//EN"
  "http://mybatis.org/dtd/mybatis-3-mapper.dtd">
<mapper namespace="org.spring.test.mapper.member">
	<!-- 게시판 글 작성 -->
	<insert id="register">
		insert into tbl_member(userid, userpw, username)
		values(#{userId}, #{userPw}, #{userName})
	</insert>
	
	<!-- 로그인 -->
	<select id="login" resultType="org.spring.test.domain.MemberVO">
		select userid, userpw, username
		from tbl_member
		where userid = #{userId}
		and userpw = #{userPw}
	</select>
	
	<!-- 회원정보 수정 -->
	<update id="memberUpdate">
		update tbl_member set
		userpw = #{userPw},
		username = #{userName}
		where userid = #{userId}
	</update>
	
	<!-- 회원탈퇴 -->
	<delete id="memberDelete">
		delete from tbl_member
		where userid = #{userId}
		and userpw = #{userPw}
	</delete>
	
	<!-- 패스워드 체크 -->
	<select id="passChk" resultType="int">
		select count(*) from tbl_member
		where userid = #{userId}
		and userpw = #{userPw}
	</select>
	
	<!-- 아이디 중복체크 -->
	<select id="idChk" resultType="int">
		select count(*) from tbl_member
		where userid = #{userId}
	</select>
</mapper>