<?xml version="1.0" encoding="UTF-8" ?>
<!DOCTYPE mapper
  PUBLIC "-//mybatis.org//DTD Mapper 3.0//EN"
  "http://mybatis.org/dtd/mybatis-3-mapper.dtd">
<mapper namespace="org.spring.test.mapper.reply">

<!-- 댓글 조회 -->
<select id="replyList" parameterType="int" resultType="org.spring.test.domain.ReplyVO">
	select
		rno, bno, writer, content, regdate, replypassword
	from tbl_reply
		where bno = #{bno}		
</select>

<!-- 댓글 작성 -->
<insert id="replyWrite" parameterType="org.spring.test.domain.ReplyVO">
	insert into tbl_reply(bno,writer, content, replypassword,regdate )
		value(#{bno}, #{writer}, #{content}, #{replypassword}, #{regdate})
</insert>
	
<!-- 댓글 수정 -->
<update id="replyModify" parameterType="org.spring.test.domain.ReplyVO">
	update tbl_reply set
		writer = #{writer},
		content = #{content}
	where rno = #{rno}	
		and bno = #{bno}
		and replypassword = #{replypassword}	
</update>

<!-- 댓글 삭제 -->
<delete id="replyDelete" parameterType="org.spring.test.domain.ReplyVO">
	delete from tbl_reply
	where rno = #{rno}
		and bno = ${bno}
		and replypassword = #{replypassword}
</delete>
	
</mapper>