<?xml version="1.0" encoding="UTF-8"?>
<beans xmlns="http://www.springframework.org/schema/beans"
	xmlns:xsi="http://www.w3.org/2001/XMLSchema-instance"
	xmlns:context="http://www.springframework.org/schema/context"
	xmlns:jdbc="http://www.springframework.org/schema/jdbc"
	xmlns:mybatis-spring="http://mybatis.org/schema/mybatis-spring"
	xsi:schemaLocation="http://www.springframework.org/schema/jdbc http://www.springframework.org/schema/jdbc/spring-jdbc-3.1.xsd
		http://mybatis.org/schema/mybatis-spring http://mybatis.org/schema/mybatis-spring-1.2.xsd
		http://www.springframework.org/schema/beans https://www.springframework.org/schema/beans/spring-beans.xsd
		http://www.springframework.org/schema/context http://www.springframework.org/schema/context/spring-context-3.1.xsd">
	
	<!-- Root Context: defines shared resources visible to all other web components -->
		
	<bean class="org.springframework.jdbc.datasource.DriverManagerDataSource" id="dataSource">
		<property name="driverClassName" value="org.mariadb.jdbc.Driver"/>
		<property name="url" value="jdbc:mariadb://127.0.0.1:3306/board"/>
		<property name="username" value="root"/>
		<property name="password" value="1234"/>
	</bean>
	
    <!-- Mybatis 연동 -->
    <bean id="sqlSessionFactory" class="org.mybatis.spring.SqlSessionFactoryBean">
         <property name="dataSource" ref="dataSource"></property>
         <property name="configLocation" value="classpath:/mybatis-config.xml"></property>
         <property name="mapperLocations" value="classpath:mappers/**/*Mapper.xml"/>
    </bean>
    <bean id="sqlSession" class="org.mybatis.spring.SqlSessionTemplate" destroy-method="clearCache">
        <constructor-arg name="sqlSessionFactory" ref="sqlSessionFactory"></constructor-arg>
    </bean>
    
    <!-- scan -->
    <context:component-scan base-package="kr.co.service"></context:component-scan>
    <context:component-scan base-package="kr.co.dao"></context:component-scan>
    <context:component-scan base-package="kr.co.vo"></context:component-scan>
    
    <mybatis-spring:scan base-package="kr.co.mappers.board"/>
</beans>
